file_path,title,description,link,alt_text,section_id,note
images/pin381.png,"Gold Nautical Pendant Necklace Detail","found myself staring at this necklace longer than i meant to, a ship's wheel and anchor tangled together in gold against a faded band tee. jewelry like this always feels like a small confession of where someone's heart lives, and mine has been living somewhere near the water lately. a nautical pendant necklace says more about a person's travel style than most souvenirs ever could, and this one has me thinking about #USVI sailing trips and the jewelry that survives them.",,"Close up of a gold anchor and ship's wheel pendant necklace layered over a red and black graphic t-shirt",,
images/pin382.png,"Oil Sheen on Caribbean Ocean Water","the water did this thing where it turned into a painting for about ten seconds, an iridescent sheen pulling colors out of sargassum and light that shouldn't exist together. i keep noticing how the ocean surface tells you everything about a place if you're paying attention, warmth, currents, whatever's drifting through. this is the unglamorous, honest side of #CaribbeanWaters that never makes it onto a postcard but somehow ends up being the photo i can't stop looking at.",,"Iridescent oil sheen and floating sargassum seaweed on the surface of turquoise Caribbean ocean water",,
images/pin383.png,"Tropical Tile Column Beachside Resort","this tiled column stopped me mid walk, birds and palm leaves painted across every square, standing guard over a lounge area that smelled like sunscreen and salt air. resort design in the #USVI leans hard into this kind of maximalist tropical pattern, and honestly i'm here for it. sitting under that shade sail with a Sails Beachside sign glowing red in the background felt like the whole trip distilled into one corner.",,"Tropical tile mosaic column with bird and palm leaf patterns at a beachside resort lounge with orange wicker furniture",,
images/pin384.png,"Catamaran Deck View Palm Trees Beach","the mast leaned into the wind and for a second i forgot i was technically still docked. beach loungers lined up empty in the distance, palm trees doing their restless dance, yellow snorkel gear piled on the trampoline netting waiting for someone to need it. there's a particular stillness to a #USVI catamaran before it leaves shore, everything ready, everyone still figuring out where to sit.",,"View from a catamaran deck showing palm trees, beach loungers, and yellow snorkel gear on the trampoline netting",,
images/pin385.png,"Catamaran Trampoline Net Beach Backdrop","same view, different breath, the palms swaying just a little harder this time. i notice how catamaran decks force you to slow down before you've even left the dock, no rush, no schedule that matters more than the wind deciding when to cooperate. this is the quiet before the actual sailing in the #VirginIslands, and i think it might be my favorite part.",,"Catamaran deck with trampoline netting, coiled ropes, and a resort beach with palm trees in the background",,
images/pin386.png,"Woman in Visor on Catamaran Deck","she held onto that visor like the wind was trying to steal it, laughing at something just out of frame, pineapple logo shirt catching the grey afternoon light. this is what a #USVI sailing day actually looks like, not posed, just someone genuinely happy to be barefoot on a boat. i love photos that catch people mid laugh instead of mid pose.",,"Woman wearing a navy long sleeve shirt and white visor smiling on a catamaran deck with palm trees behind her",,
images/pin387.png,"Catamaran Sailing Outfit Sun Protection","another angle, another gust, same grin. sun shirts and visors are the real MVPs of a #CaribbeanSailing day, unglamorous but absolutely necessary once you're a few hours into open water. i keep coming back to how practical island style actually is, function first, cute by accident.",,"Woman in a navy long sleeve sun shirt and white visor standing on a catamaran deck near yellow snorkel gear",,
images/pin388.png,"Catamaran Deck Hands on Hips Pose","hands on hips, visor tilted just right, this is the kind of confidence that only shows up once you've fully accepted your hair isn't surviving the wind. #USVI catamaran days have a way of stripping away any pretense, you just become a person enjoying salt air and mediocre hair days equally.",,"Woman standing with hands on hips wearing a navy sun shirt and visor on a catamaran deck with a beach resort in the background",,
images/pin389.png,"Solo Portrait Catamaran Beach Trip","full body, full smile, palm trees stacking up behind her like a backdrop nobody had to design. i think about how many of these #VirginIslands moments happen in transit, between destinations, waiting for the boat to actually leave. sometimes the best photos happen in the in between.",,"Full length photo of a woman in a navy sun shirt, black shorts, and white visor standing on a catamaran deck",,
images/pin390.png,"Waterfront Resort Hotel From the Sea","this is the view that makes you understand why people build hotels right up against the water, arched balconies stacked four stories high, staring straight out at whatever boat happens to be passing. approaching a #USVI resort from the water changes how you see it entirely, less like a building and more like a landmark you're sailing toward.",,"White multi-story waterfront hotel with arched balconies viewed from the water surrounded by tropical trees",,
